151414DCW000004,01OP
151414DMA000007,01CK
151414DPN000004,01BC
151414DPN000006,07MR
151414DPN000006,38NO
151414DTO000005,07MR
142414ABG000001,27ED
141414ABG000002,07IN
142414ABS000002,07OC
151414ABS000001,07IB
151414ABS000001,09GG
151414ABS000001,18NB
151414ABS000001,23PB
151414ABS000001,25FG
151414ABS000001,32LN
151414ABS000039,07DS
151414ABS000039,27XS
151414ABS000039,30PM
151414ABS000002,02BG
151414ABS000002,07IN
151414ABS000002,38NO
151414ABS000022,07DS
151414ABS000022,27SX
142414ABS000017,25OD
151414ABS000023,27AZ
151414ABS000005,25CO
151414ABS000024,01BC
142414ABS000006,28LB
151414ABS000006,01CK
151414ABS000006,02BG
151414ABS000006,20BQ
151414ABS000007,07IN
151414ABS000007,11YE
151414ABS000007,20BT
151414ABS000025,30PM
151414ABS000026,01BC
151414ABS000026,11FY
151414ABS000026,25LR
151414ABS000008,27VL
151414ABS000028,27AZ
151414ABS000028,30PM
142414ABS000019,38NO
151414ABS000009,20BQ
151414ABS000021,24PI
142414ABS000021,02BG
142414ABS000022,07MB
142414ABS000009,29HA
151414ABS000010,20BT
151414ABS000030,38NO
142414ABS000032,07MB
142414ABS000024,32VB
151414ABS000011,07IN
151414ABS000011,38NO
151414ABS000040,36AG
142414ABS000010,28BD
151414ABS000012,38NO
142414ABS000012,11YE
151414ABS000013,07IN
151414ABS000013,11YE
151414ABS000013,20BQ
151414ABS000031,01BC
151414ABS000031,11SN
151414ABS000031,27AZ
151414ABS000032,07DS
151414ABS000032,30PM
151414ABS000033,18TP
151414ABS000033,27AZ
151414ABS000033,30PM
151414ABS000034,02BG
151414ABS000034,27AZ
151414ABS000014,20BT
151414ABS000014,38NO
151414ABS000015,07OC
151414ABS000035,01BC
151414ABS000016,07OC
151414ABS000017,07IN
151414ABS000037,07IN
151414ABS000037,26VI
151414ABS000018,06TU
151414ABS000020,09SO
151414ABS000020,20BT
151414ABS000038,04LU
151414ABS000038,38NO
151414APG000001,07IN
151414APG000001,25CO
151414APG000001,38NO
151414APG000002,07IN
151414APG000002,25CO
151414APG000002,38NO
151414APG000004,02PB
151414APG000004,25LR
151414APG000004,27AZ
151414APG000003,07DS
151414APG000003,07IB
151414APG000003,18NB
151414APG000003,23PB
151414APG000003,30PM
151414NCX000001,01OP
151414NCX000002,38NO
